Question or Query,Total - Both Male & Female,Male,Female,Dublin,Leinster,Munster,Connacht,Ulster (ROI Only),18-24,25-34,35-44,45-54,55-64
This Christmas how much money do you intend to spend in the following areas when compared to Christmas last year  Total,1002,490,512,281,276,279,113,53,129,225,261,211,176
This Christmas how much money do you intend to spend in the following areas when compared to Christmas last year  Percentage of Total,100%,49%,51%,28%,28%,28%,11%,5%,13%,22%,26%,21%,18%
This Christmas how much money do you intend to spend in the following areas when compared to Christmas last year  Food  Beverages   More ,323,173,150,98,87,87,37,14,61,79,82,55,46
This Christmas how much money do you intend to spend in the following areas when compared to Christmas last year  Percentage of Food  Beverages   More ,32%,35%,29%,35%,32%,31%,33%,26%,47%,35%,31%,26%,26%
This Christmas how much money do you intend to spend in the following areas when compared to Christmas last year  Food  Beverages   Same,488,248,240,141,137,132,53,25,50,108,120,111,99
This Christmas how much money do you intend to spend in the following areas when compared to Christmas last year  Percentage of Food  Beverages   Same,49%,51%,47%,50%,50%,47%,47%,47%,39%,48%,46%,53%,56%
This Christmas how much money do you intend to spend in the following areas when compared to Christmas last year  Food  Beverages   Less,191,69,122,42,52,60,23,14,18,38,59,45,31
This Christmas how much money do you intend to spend in the following areas when compared to Christmas last year  Percentage of Food  Beverages   Less,19%,14%,24%,15%,19%,22%,20%,26%,14%,17%,23%,21%,18%
This Christmas how much money do you intend to spend in the following areas when compared to Christmas last year  Beauty  Cosmetics   More ,167,85,82,37,47,53,23,7,42,29,45,31,20
This Christmas how much money do you intend to spend in the following areas when compared to Christmas last year  Percentage of Beauty  Cosmetics   More ,17%,17%,16%,13%,17%,19%,20%,13%,33%,13%,17%,15%,11%
This Christmas how much money do you intend to spend in the following areas when compared to Christmas last year  Beauty  Cosmetics   Same,453,242,211,145,126,108,50,24,53,94,121,104,81
This Christmas how much money do you intend to spend in the following areas when compared to Christmas last year  Percentage of Beauty  Cosmetics   Same,45%,49%,41%,52%,46%,39%,44%,45%,41%,42%,46%,49%,46%
This Christmas how much money do you intend to spend in the following areas when compared to Christmas last year  Beauty  Cosmetics   Less,382,163,219,99,103,118,40,22,34,102,95,76,75
This Christmas how much money do you intend to spend in the following areas when compared to Christmas last year  Percentage of Beauty  Cosmetics   Less,38%,33%,43%,35%,37%,42%,35%,42%,26%,45%,36%,36%,43%
This Christmas how much money do you intend to spend in the following areas when compared to Christmas last year  Health  Wellness   More ,189,121,68,44,65,50,21,9,44,38,52,24,31
This Christmas how much money do you intend to spend in the following areas when compared to Christmas last year  Percentage of Health  Wellness   More ,19%,25%,13%,16%,24%,18%,19%,17%,34%,17%,20%,11%,18%
This Christmas how much money do you intend to spend in the following areas when compared to Christmas last year  Health  Wellness   Same,540,265,275,173,137,144,59,27,57,120,138,126,99
This Christmas how much money do you intend to spend in the following areas when compared to Christmas last year  Percentage of Health  Wellness   Same,54%,54%,54%,62%,50%,52%,52%,51%,44%,53%,53%,60%,56%
This Christmas how much money do you intend to spend in the following areas when compared to Christmas last year  Health  Wellness   Less,273,104,169,64,74,85,33,17,28,67,71,61,46
This Christmas how much money do you intend to spend in the following areas when compared to Christmas last year  Percentage of Health  Wellness   Less,27%,21%,33%,23%,27%,30%,29%,32%,22%,30%,27%,29%,26%
This Christmas how much money do you intend to spend in the following areas when compared to Christmas last year  Fashion  Clothing   More ,242,128,114,73,58,65,35,11,61,56,57,43,25
This Christmas how much money do you intend to spend in the following areas when compared to Christmas last year  Percentage of Fashion  Clothing   More ,24%,26%,22%,26%,21%,23%,31%,21%,47%,25%,22%,20%,14%
This Christmas how much money do you intend to spend in the following areas when compared to Christmas last year  Fashion  Clothing   Same,451,236,215,130,123,128,50,20,53,93,115,105,85
This Christmas how much money do you intend to spend in the following areas when compared to Christmas last year  Percentage of Fashion  Clothing   Same,45%,48%,42%,46%,45%,46%,44%,38%,41%,41%,44%,50%,48%
This Christmas how much money do you intend to spend in the following areas when compared to Christmas last year  Fashion  Clothing   Less,309,126,183,78,95,86,28,22,15,76,89,63,66
This Christmas how much money do you intend to spend in the following areas when compared to Christmas last year  Percentage of Fashion  Clothing   Less,31%,26%,36%,28%,34%,31%,25%,42%,12%,34%,34%,30%,38%
This Christmas how much money do you intend to spend in the following areas when compared to Christmas last year  Socialising out of home eg In Restaurants bars  cafes  More ,284,162,122,94,80,67,34,9,64,64,75,47,34
This Christmas how much money do you intend to spend in the following areas when compared to Christmas last year  Percentage of Socialising out of home eg In Restaurants bars  cafes  More ,28%,33%,24%,33%,29%,24%,30%,17%,50%,28%,29%,22%,19%
This Christmas how much money do you intend to spend in the following areas when compared to Christmas last year  Socialising out of home eg In Restaurants bars  cafes  Same,368,195,173,105,101,99,42,21,35,86,101,73,73
This Christmas how much money do you intend to spend in the following areas when compared to Christmas last year  Percentage of Socialising out of home eg In Restaurants bars  cafes  Same,37%,40%,34%,37%,37%,35%,37%,40%,27%,38%,39%,35%,41%
This Christmas how much money do you intend to spend in the following areas when compared to Christmas last year  Socialising out of home eg In Restaurants bars  cafes  Less,350,133,217,82,95,113,37,23,30,75,85,91,69
This Christmas how much money do you intend to spend in the following areas when compared to Christmas last year  Percentage of Socialising out of home eg In Restaurants bars  cafes  Less,35%,27%,42%,29%,34%,41%,33%,43%,23%,33%,33%,43%,39%
How frequently do you typically buy something that you didn’t plan to buy when shopping in a supermarket grocery store or off licence at Christmas time  Total,1002,490,512,281,276,279,113,53,129,225,261,211,176
How frequently do you typically buy something that you didn’t plan to buy when shopping in a supermarket grocery store or off licence at Christmas time  Percentage of Total,100%,49%,51%,28%,28%,28%,11%,5%,13%,22%,26%,21%,18%
How frequently do you typically buy something that you didn’t plan to buy when shopping in a supermarket grocery store or off licence at Christmas time  Always,253,102,151,63,78,65,32,15,36,59,68,54,36
How frequently do you typically buy something that you didn’t plan to buy when shopping in a supermarket grocery store or off licence at Christmas time  Percentage of Always,25%,0.208163265306122,0.294921875,0.224199288256228,0.282608695652174,0.232974910394265,0.283185840707965,0.283018867924528,0.27906976744186,0.262222222222222,0.260536398467433,0.255924170616114,0.204545454545455
How frequently do you typically buy something that you didn’t plan to buy when shopping in a supermarket grocery store or off licence at Christmas time  Often,384,187,197,116,99,97,47,25,50,87,98,85,64
How frequently do you typically buy something that you didn’t plan to buy when shopping in a supermarket grocery store or off licence at Christmas time  Percentage of Often,38%,0.381632653061225,0.384765625,0.412811387900356,0.358695652173913,0.347670250896057,0.415929203539823,0.471698113207547,0.387596899224806,0.386666666666667,0.375478927203065,0.402843601895735,0.363636363636364
How frequently do you typically buy something that you didn’t plan to buy when shopping in a supermarket grocery store or off licence at Christmas time  Sometimes ,261,140,121,77,75,82,20,7,34,57,80,39,51
How frequently do you typically buy something that you didn’t plan to buy when shopping in a supermarket grocery store or off licence at Christmas time  Percentage of Sometimes ,26%,0.285714285714286,0.236328125,0.274021352313167,0.271739130434783,0.293906810035842,0.176991150442478,0.132075471698113,0.263565891472868,0.253333333333333,0.306513409961686,0.184834123222749,0.289772727272727
How frequently do you typically buy something that you didn’t plan to buy when shopping in a supermarket grocery store or off licence at Christmas time  Rarely ,87,51,36,19,23,27,12,6,6,19,14,30,18
How frequently do you typically buy something that you didn’t plan to buy when shopping in a supermarket grocery store or off licence at Christmas time  Percentage of Rarely ,9%,0.104081632653061,0.0703125,0.0676156583629893,0.0833333333333333,0.0967741935483871,0.106194690265487,0.113207547169811,0.0465116279069767,0.0844444444444444,0.053639846743295,0.14218009478673,0.102272727272727
How frequently do you typically buy something that you didn’t plan to buy when shopping in a supermarket grocery store or off licence at Christmas time  Never ,17,10,7,6,1,8,2,0,3,3,1,3,7
How frequently do you typically buy something that you didn’t plan to buy when shopping in a supermarket grocery store or off licence at Christmas time  Percentage of Never ,2%,0.0204081632653061,0.013671875,0.0213523131672598,0.0036231884057971,0.028673835125448,0.0176991150442478,0,0.0232558139534884,0.0133333333333333,0.00383141762452107,0.014218009478673,0.0397727272727273
To what extent are the purchase decisions you make at Christmas in a supermarket grocery store or off licence impacted by the advertising you see  Total,1001,490,512,281,276,279,113,53,129,225,261,211,176
To what extent are the purchase decisions you make at Christmas in a supermarket grocery store or off licence impacted by the advertising you see  Percentage of Total,100%,49%,51%,28%,28%,28%,11%,5%,13%,22%,26%,21%,18%
To what extent are the purchase decisions you make at Christmas in a supermarket grocery store or off licence impacted by the advertising you see  Always ,82,44,38,19,24,20,12,7,16,18,25,12,11
To what extent are the purchase decisions you make at Christmas in a supermarket grocery store or off licence impacted by the advertising you see  Percentage of Always ,8%,0.0897959183673469,0.0743639921722113,0.0678571428571429,0.0869565217391304,0.0716845878136201,0.106194690265487,0.132075471698113,0.124031007751938,0.08,0.0957854406130268,0.0568720379146919,0.0628571428571429
To what extent are the purchase decisions you make at Christmas in a supermarket grocery store or off licence impacted by the advertising you see  Often ,269,138,131,71,84,69,27,18,43,66,62,56,42
To what extent are the purchase decisions you make at Christmas in a supermarket grocery store or off licence impacted by the advertising you see  Percentage of Often ,27%,0.281632653061224,0.256360078277886,0.253571428571429,0.304347826086957,0.247311827956989,0.238938053097345,0.339622641509434,0.333333333333333,0.293333333333333,0.237547892720307,0.265402843601896,0.24
To what extent are the purchase decisions you make at Christmas in a supermarket grocery store or off licence impacted by the advertising you see  Sometimes ,413,185,228,132,96,117,50,18,43,95,103,93,79
To what extent are the purchase decisions you make at Christmas in a supermarket grocery store or off licence impacted by the advertising you see  Percentage of Sometimes ,41%,0.377551020408163,0.446183953033268,0.471428571428571,0.347826086956522,0.419354838709677,0.442477876106195,0.339622641509434,0.333333333333333,0.422222222222222,0.39463601532567,0.440758293838863,0.451428571428571
To what extent are the purchase decisions you make at Christmas in a supermarket grocery store or off licence impacted by the advertising you see  Rarely ,180,86,94,40,57,60,15,8,22,36,51,38,33
To what extent are the purchase decisions you make at Christmas in a supermarket grocery store or off licence impacted by the advertising you see  Percentage of Rarely ,18%,0.175510204081633,0.183953033268102,0.142857142857143,0.206521739130435,0.21505376344086,0.132743362831858,0.150943396226415,0.170542635658915,0.16,0.195402298850575,0.180094786729858,0.188571428571429
To what extent are the purchase decisions you make at Christmas in a supermarket grocery store or off licence impacted by the advertising you see  Never ,57,37,20,18,15,13,9,2,5,10,20,12,10
To what extent are the purchase decisions you make at Christmas in a supermarket grocery store or off licence impacted by the advertising you see  Percentage of Never ,6%,0.0755102040816327,0.0391389432485323,0.0642857142857143,0.0543478260869565,0.046594982078853,0.079646017699115,0.0377358490566038,0.0387596899224806,0.0444444444444444,0.0766283524904215,0.0568720379146919,0.0571428571428571
How impactful or not are the following types of advertising campaigns on the purchases you make from a supermarket grocery store or off licence at Christmas time  Total,1002,490,512,281,276,279,113,53,129,225,261,211,176
How impactful or not are the following types of advertising campaigns on the purchases you make from a supermarket grocery store or off licence at Christmas time  Percentage of Total,100%,49%,51%,28%,28%,28%,11%,5%,13%,22%,26%,21%,18%
How impactful or not are the following types of advertising campaigns on the purchases you make from a supermarket grocery store or off licence at Christmas time  Celebrity endorsements   Very impactful ,75,49,26,17,20,23,7,8,16,14,27,9,9
How impactful or not are the following types of advertising campaigns on the purchases you make from a supermarket grocery store or off licence at Christmas time  Percentage of Celebrity endorsements   Very impactful ,7%,10%,5%,6%,7%,8%,6%,15%,12%,6%,10%,4%,5%
How impactful or not are the following types of advertising campaigns on the purchases you make from a supermarket grocery store or off licence at Christmas time  Celebrity endorsements   Fairly Impactful,149,81,68,32,42,49,19,7,24,35,30,30,30
How impactful or not are the following types of advertising campaigns on the purchases you make from a supermarket grocery store or off licence at Christmas time  Percentage of Celebrity endorsements   Fairly Impactful,15%,17%,13%,11%,15%,18%,17%,13%,19%,16%,11%,14%,17%
How impactful or not are the following types of advertising campaigns on the purchases you make from a supermarket grocery store or off licence at Christmas time  Celebrity endorsements   Neither,263,116,147,80,62,76,28,17,30,64,64,60,45
How impactful or not are the following types of advertising campaigns on the purchases you make from a supermarket grocery store or off licence at Christmas time  Percentage of Celebrity endorsements   Neither,26%,24%,29%,28%,22%,27%,25%,32%,23%,28%,25%,28%,26%
How impactful or not are the following types of advertising campaigns on the purchases you make from a supermarket grocery store or off licence at Christmas time  Celebrity endorsements   Not very impactful,252,103,149,83,71,62,28,8,42,56,65,51,38
How impactful or not are the following types of advertising campaigns on the purchases you make from a supermarket grocery store or off licence at Christmas time  Percentage of Celebrity endorsements   Not very impactful,25%,21%,29%,30%,26%,22%,25%,15%,33%,25%,25%,24%,22%
How impactful or not are the following types of advertising campaigns on the purchases you make from a supermarket grocery store or off licence at Christmas time  Celebrity endorsements   Not at all impactful,263,141,122,69,81,69,31,13,17,56,75,61,54
How impactful or not are the following types of advertising campaigns on the purchases you make from a supermarket grocery store or off licence at Christmas time  Percentage of Celebrity endorsements   Not at all impactful,26%,29%,24%,25%,29%,25%,27%,25%,13%,25%,29%,29%,31%
How impactful or not are the following types of advertising campaigns on the purchases you make from a supermarket grocery store or off licence at Christmas time  Health credentials   Very impactful ,165,85,80,46,38,48,21,12,22,32,55,29,27
How impactful or not are the following types of advertising campaigns on the purchases you make from a supermarket grocery store or off licence at Christmas time  Percentage of Health credentials   Very impactful ,16%,17%,16%,16%,14%,17%,19%,23%,17%,14%,21%,14%,15%
How impactful or not are the following types of advertising campaigns on the purchases you make from a supermarket grocery store or off licence at Christmas time  Health credentials   Fairly Impactful,410,180,230,113,121,110,47,19,58,85,100,89,78
How impactful or not are the following types of advertising campaigns on the purchases you make from a supermarket grocery store or off licence at Christmas time  Percentage of Health credentials   Fairly Impactful,41%,37%,45%,40%,44%,39%,42%,36%,45%,38%,38%,42%,44%
How impactful or not are the following types of advertising campaigns on the purchases you make from a supermarket grocery store or off licence at Christmas time  Health credentials   Neither,259,145,114,73,76,70,27,13,31,67,62,49,50
How impactful or not are the following types of advertising campaigns on the purchases you make from a supermarket grocery store or off licence at Christmas time  Percentage of Health credentials   Neither,26%,30%,22%,26%,28%,25%,24%,25%,24%,30%,24%,23%,28%
How impactful or not are the following types of advertising campaigns on the purchases you make from a supermarket grocery store or off licence at Christmas time  Health credentials   Not very impactful,118,56,62,33,28,39,10,8,17,30,28,31,12
How impactful or not are the following types of advertising campaigns on the purchases you make from a supermarket grocery store or off licence at Christmas time  Percentage of Health credentials   Not very impactful,12%,11%,12%,12%,10%,14%,9%,15%,13%,13%,11%,15%,7%
How impactful or not are the following types of advertising campaigns on the purchases you make from a supermarket grocery store or off licence at Christmas time  Health credentials   Not at all impactful,50,24,26,16,13,12,8,1,1,11,16,13,9
How impactful or not are the following types of advertising campaigns on the purchases you make from a supermarket grocery store or off licence at Christmas time  Percentage of Health credentials   Not at all impactful,5%,5%,5%,6%,5%,4%,7%,2%,1%,5%,6%,6%,5%
How impactful or not are the following types of advertising campaigns on the purchases you make from a supermarket grocery store or off licence at Christmas time  Humour  Very impactful ,176,91,85,48,59,43,18,8,22,42,52,28,32
How impactful or not are the following types of advertising campaigns on the purchases you make from a supermarket grocery store or off licence at Christmas time  Percentage of Humour  Very impactful ,18%,19%,17%,17%,21%,15%,16%,15%,17%,19%,20%,13%,18%
How impactful or not are the following types of advertising campaigns on the purchases you make from a supermarket grocery store or off licence at Christmas time  Humour  Fairly Impactful,373,195,178,103,86,106,52,26,58,96,85,80,54
How impactful or not are the following types of advertising campaigns on the purchases you make from a supermarket grocery store or off licence at Christmas time  Percentage of Humour  Fairly Impactful,37%,40%,35%,37%,31%,38%,46%,49%,45%,43%,33%,38%,31%
How impactful or not are the following types of advertising campaigns on the purchases you make from a supermarket grocery store or off licence at Christmas time  Humour  Neither,302,139,163,91,87,86,23,15,29,58,92,60,63
How impactful or not are the following types of advertising campaigns on the purchases you make from a supermarket grocery store or off licence at Christmas time  Percentage of Humour  Neither,30%,28%,32%,32%,32%,31%,20%,28%,22%,26%,35%,28%,36%
How impactful or not are the following types of advertising campaigns on the purchases you make from a supermarket grocery store or off licence at Christmas time  Humour  Not very impactful,98,39,59,31,28,27,10,2,16,22,21,24,15
How impactful or not are the following types of advertising campaigns on the purchases you make from a supermarket grocery store or off licence at Christmas time  Percentage of Humour  Not very impactful,10%,8%,12%,11%,10%,10%,9%,4%,12%,10%,8%,11%,9%
How impactful or not are the following types of advertising campaigns on the purchases you make from a supermarket grocery store or off licence at Christmas time  Humour  Not at all impactful,53,26,27,8,16,17,10,2,4,7,11,19,12
How impactful or not are the following types of advertising campaigns on the purchases you make from a supermarket grocery store or off licence at Christmas time  Percentage of Humour  Not at all impactful,5%,5%,5%,3%,6%,6%,9%,4%,3%,3%,4%,9%,7%
How impactful or not are the following types of advertising campaigns on the purchases you make from a supermarket grocery store or off licence at Christmas time  Occasion based messages ideas for how and when I can use the product  Very impactful ,122,65,57,31,36,36,11,8,19,27,37,21,18
How impactful or not are the following types of advertising campaigns on the purchases you make from a supermarket grocery store or off licence at Christmas time  Percentage of Occasion based messages ideas for how and when I can use the product  Very impactful ,12%,13%,11%,11%,13%,13%,10%,15%,15%,12%,14%,10%,10%
How impactful or not are the following types of advertising campaigns on the purchases you make from a supermarket grocery store or off licence at Christmas time  Occasion based messages ideas for how and when I can use the product  Fairly Impactful,415,185,230,116,109,107,58,25,55,99,104,86,71
How impactful or not are the following types of advertising campaigns on the purchases you make from a supermarket grocery store or off licence at Christmas time  Percentage of Occasion based messages ideas for how and when I can use the product  Fairly Impactful,41%,38%,45%,41%,39%,38%,51%,47%,43%,44%,40%,41%,40%
How impactful or not are the following types of advertising campaigns on the purchases you make from a supermarket grocery store or off licence at Christmas time  Occasion based messages ideas for how and when I can use the product  Neither,293,153,140,94,76,85,21,17,36,71,68,61,57
How impactful or not are the following types of advertising campaigns on the purchases you make from a supermarket grocery store or off licence at Christmas time  Percentage of Occasion based messages ideas for how and when I can use the product  Neither,29%,31%,27%,33%,28%,30%,19%,32%,28%,32%,26%,29%,32%
How impactful or not are the following types of advertising campaigns on the purchases you make from a supermarket grocery store or off licence at Christmas time  Occasion based messages ideas for how and when I can use the product  Not very impactful,108,51,57,30,30,35,11,2,14,19,29,27,19
How impactful or not are the following types of advertising campaigns on the purchases you make from a supermarket grocery store or off licence at Christmas time  Percentage of Occasion based messages ideas for how and when I can use the product  Not very impactful,11%,10%,11%,11%,11%,13%,10%,4%,11%,8%,11%,13%,11%
How impactful or not are the following types of advertising campaigns on the purchases you make from a supermarket grocery store or off licence at Christmas time  Occasion based messages ideas for how and when I can use the product  Not at all impactful,64,36,28,10,25,16,12,1,5,9,23,16,11
How impactful or not are the following types of advertising campaigns on the purchases you make from a supermarket grocery store or off licence at Christmas time  Percentage of Occasion based messages ideas for how and when I can use the product  Not at all impactful,6%,7%,5%,4%,9%,6%,11%,2%,4%,4%,9%,8%,6%
How impactful or not are the following types of advertising campaigns on the purchases you make from a supermarket grocery store or off licence at Christmas time  Old Fashioned values   Very impactful ,144,78,66,37,39,45,15,8,15,11,53,34,31
How impactful or not are the following types of advertising campaigns on the purchases you make from a supermarket grocery store or off licence at Christmas time  Percentage of Old Fashioned values   Very impactful ,14%,16%,13%,13%,14%,16%,13%,15%,12%,5%,20%,16%,18%
How impactful or not are the following types of advertising campaigns on the purchases you make from a supermarket grocery store or off licence at Christmas time  Old Fashioned values   Fairly Impactful,318,148,170,78,92,94,41,13,33,67,84,70,64
How impactful or not are the following types of advertising campaigns on the purchases you make from a supermarket grocery store or off licence at Christmas time  Percentage of Old Fashioned values   Fairly Impactful,32%,30%,33%,28%,33%,34%,36%,25%,26%,30%,32%,33%,36%
How impactful or not are the following types of advertising campaigns on the purchases you make from a supermarket grocery store or off licence at Christmas time  Old Fashioned values   Neither,327,165,162,102,86,87,28,24,38,82,81,69,57
How impactful or not are the following types of advertising campaigns on the purchases you make from a supermarket grocery store or off licence at Christmas time  Percentage of Old Fashioned values   Neither,33%,34%,32%,36%,31%,31%,25%,45%,29%,36%,31%,33%,32%
How impactful or not are the following types of advertising campaigns on the purchases you make from a supermarket grocery store or off licence at Christmas time  Old Fashioned values   Not very impactful,131,60,71,41,37,32,17,4,33,39,23,21,15
How impactful or not are the following types of advertising campaigns on the purchases you make from a supermarket grocery store or off licence at Christmas time  Percentage of Old Fashioned values   Not very impactful,13%,12%,14%,15%,13%,11%,15%,8%,26%,17%,9%,10%,9%
How impactful or not are the following types of advertising campaigns on the purchases you make from a supermarket grocery store or off licence at Christmas time  Old Fashioned values   Not at all impactful,82,39,43,23,22,21,12,4,10,26,20,17,9
How impactful or not are the following types of advertising campaigns on the purchases you make from a supermarket grocery store or off licence at Christmas time  Percentage of Old Fashioned values   Not at all impactful,8%,8%,8%,8%,8%,8%,11%,8%,8%,12%,8%,8%,5%
How impactful or not are the following types of advertising campaigns on the purchases you make from a supermarket grocery store or off licence at Christmas time  Price cuts   Very impactful ,545,243,302,137,158,150,68,32,70,127,148,114,86
How impactful or not are the following types of advertising campaigns on the purchases you make from a supermarket grocery store or off licence at Christmas time  Percentage of Price cuts   Very impactful ,54%,50%,59%,49%,57%,54%,60%,60%,54%,56%,57%,54%,49%
How impactful or not are the following types of advertising campaigns on the purchases you make from a supermarket grocery store or off licence at Christmas time  Price cuts   Fairly Impactful,355,194,161,109,91,102,34,19,47,75,85,78,70
How impactful or not are the following types of advertising campaigns on the purchases you make from a supermarket grocery store or off licence at Christmas time  Percentage of Price cuts   Fairly Impactful,35%,40%,31%,39%,33%,37%,30%,36%,36%,33%,33%,37%,40%
How impactful or not are the following types of advertising campaigns on the purchases you make from a supermarket grocery store or off licence at Christmas time  Price cuts   Neither,76,39,37,25,21,22,6,2,9,16,23,14,14
How impactful or not are the following types of advertising campaigns on the purchases you make from a supermarket grocery store or off licence at Christmas time  Percentage of Price cuts   Neither,8%,8%,7%,9%,8%,8%,5%,4%,7%,7%,9%,7%,8%
How impactful or not are the following types of advertising campaigns on the purchases you make from a supermarket grocery store or off licence at Christmas time  Price cuts   Not very impactful,20,12,8,9,5,3,3,0,3,6,4,5,2
How impactful or not are the following types of advertising campaigns on the purchases you make from a supermarket grocery store or off licence at Christmas time  Percentage of Price cuts   Not very impactful,2%,2%,2%,3%,2%,1%,3%,0%,2%,3%,2%,2%,1%
How impactful or not are the following types of advertising campaigns on the purchases you make from a supermarket grocery store or off licence at Christmas time  Price cuts   Not at all impactful,6,2,4,1,1,2,2,0,0,1,1,0,4
How impactful or not are the following types of advertising campaigns on the purchases you make from a supermarket grocery store or off licence at Christmas time  Percentage of Price cuts   Not at all impactful,1%,0%,1%,0%,0%,1%,2%,0%,0%,0%,0%,0%,2%
How impactful or not are the following types of advertising campaigns on the purchases you make from a supermarket grocery store or off licence at Christmas time  Premium  Quality credentials   Very impactful ,204,109,95,57,59,54,25,9,30,40,67,32,35
How impactful or not are the following types of advertising campaigns on the purchases you make from a supermarket grocery store or off licence at Christmas time  Percentage of Premium  Quality credentials   Very impactful ,20%,22%,19%,20%,21%,19%,22%,17%,23%,18%,26%,15%,20%
How impactful or not are the following types of advertising campaigns on the purchases you make from a supermarket grocery store or off licence at Christmas time  Premium  Quality credentials   Fairly Impactful,451,214,237,122,129,123,52,25,51,106,109,96,89
How impactful or not are the following types of advertising campaigns on the purchases you make from a supermarket grocery store or off licence at Christmas time  Percentage of Premium  Quality credentials   Fairly Impactful,45%,44%,46%,43%,47%,44%,46%,47%,40%,47%,42%,45%,51%
How impactful or not are the following types of advertising campaigns on the purchases you make from a supermarket grocery store or off licence at Christmas time  Premium  Quality credentials   Neither,233,107,126,66,61,62,27,17,32,55,54,57,35
How impactful or not are the following types of advertising campaigns on the purchases you make from a supermarket grocery store or off licence at Christmas time  Percentage of Premium  Quality credentials   Neither,23%,22%,25%,23%,22%,22%,24%,32%,25%,24%,21%,27%,20%
How impactful or not are the following types of advertising campaigns on the purchases you make from a supermarket grocery store or off licence at Christmas time  Premium  Quality credentials   Not very impactful,81,42,39,30,19,27,4,1,11,19,22,21,8
How impactful or not are the following types of advertising campaigns on the purchases you make from a supermarket grocery store or off licence at Christmas time  Percentage of Premium  Quality credentials   Not very impactful,8%,9%,8%,11%,7%,10%,4%,2%,9%,8%,8%,10%,5%
How impactful or not are the following types of advertising campaigns on the purchases you make from a supermarket grocery store or off licence at Christmas time  Premium  Quality credentials   Not at all impactful,33,18,15,6,8,13,5,1,5,5,9,5,9
How impactful or not are the following types of advertising campaigns on the purchases you make from a supermarket grocery store or off licence at Christmas time  Percentage of Premium  Quality credentials   Not at all impactful,3%,4%,3%,2%,3%,5%,4%,2%,4%,2%,3%,2%,5%
How impactful or not are the following types of advertising campaigns on the purchases you make from a supermarket grocery store or off licence at Christmas time  Sustainability   Very impactful ,160,85,75,46,42,48,16,8,22,32,46,32,28
How impactful or not are the following types of advertising campaigns on the purchases you make from a supermarket grocery store or off licence at Christmas time  Percentage of Sustainability   Very impactful ,16%,17%,15%,16%,15%,17%,14%,15%,17%,14%,18%,15%,16%
How impactful or not are the following types of advertising campaigns on the purchases you make from a supermarket grocery store or off licence at Christmas time  Sustainability   Fairly Impactful,381,180,201,99,103,105,48,26,46,87,94,85,69
How impactful or not are the following types of advertising campaigns on the purchases you make from a supermarket grocery store or off licence at Christmas time  Percentage of Sustainability   Fairly Impactful,38%,37%,39%,35%,37%,38%,42%,49%,36%,39%,36%,40%,39%
How impactful or not are the following types of advertising campaigns on the purchases you make from a supermarket grocery store or off licence at Christmas time  Sustainability   Neither,287,123,164,92,79,78,24,14,38,72,72,57,48
How impactful or not are the following types of advertising campaigns on the purchases you make from a supermarket grocery store or off licence at Christmas time  Percentage of Sustainability   Neither,29%,25%,32%,33%,29%,28%,21%,26%,29%,32%,28%,27%,27%
How impactful or not are the following types of advertising campaigns on the purchases you make from a supermarket grocery store or off licence at Christmas time  Sustainability   Not very impactful,108,63,45,27,36,31,11,3,16,21,28,21,22
How impactful or not are the following types of advertising campaigns on the purchases you make from a supermarket grocery store or off licence at Christmas time  Percentage of Sustainability   Not very impactful,11%,13%,9%,10%,13%,11%,10%,6%,12%,9%,11%,10%,13%
How impactful or not are the following types of advertising campaigns on the purchases you make from a supermarket grocery store or off licence at Christmas time  Sustainability   Not at all impactful,66,39,27,17,16,17,14,2,7,13,21,16,9
How impactful or not are the following types of advertising campaigns on the purchases you make from a supermarket grocery store or off licence at Christmas time  Percentage of Sustainability   Not at all impactful,7%,8%,5%,6%,6%,6%,12%,4%,5%,6%,8%,8%,5%
How impactful or not are the following types of advertising campaigns on the purchases you make from a supermarket grocery store or off licence at Christmas time  Tells me a story about the brand  product   Very impactful ,111,65,46,24,31,39,11,6,23,17,32,23,16
How impactful or not are the following types of advertising campaigns on the purchases you make from a supermarket grocery store or off licence at Christmas time  Percentage of Tells me a story about the brand  product   Very impactful ,11%,13%,9%,9%,11%,14%,10%,11%,18%,8%,12%,11%,9%
How impactful or not are the following types of advertising campaigns on the purchases you make from a supermarket grocery store or off licence at Christmas time  Tells me a story about the brand  product   Fairly Impactful,340,171,169,94,89,90,48,19,33,79,88,73,67
How impactful or not are the following types of advertising campaigns on the purchases you make from a supermarket grocery store or off licence at Christmas time  Percentage of Tells me a story about the brand  product   Fairly Impactful,34%,35%,33%,33%,32%,32%,42%,36%,26%,35%,34%,35%,38%
How impactful or not are the following types of advertising campaigns on the purchases you make from a supermarket grocery store or off licence at Christmas time  Tells me a story about the brand  product   Neither,315,138,177,101,85,86,26,17,37,70,88,54,66
How impactful or not are the following types of advertising campaigns on the purchases you make from a supermarket grocery store or off licence at Christmas time  Percentage of Tells me a story about the brand  product   Neither,31%,28%,35%,36%,31%,31%,23%,32%,29%,31%,34%,26%,38%
How impactful or not are the following types of advertising campaigns on the purchases you make from a supermarket grocery store or off licence at Christmas time  Tells me a story about the brand  product   Not very impactful,145,66,79,42,41,40,13,9,22,40,33,33,17
How impactful or not are the following types of advertising campaigns on the purchases you make from a supermarket grocery store or off licence at Christmas time  Percentage of Tells me a story about the brand  product   Not very impactful,14%,13%,15%,15%,15%,14%,12%,17%,17%,18%,13%,16%,10%
How impactful or not are the following types of advertising campaigns on the purchases you make from a supermarket grocery store or off licence at Christmas time  Tells me a story about the brand  product   Not at all impactful,91,50,41,20,30,24,15,2,14,19,20,28,10
How impactful or not are the following types of advertising campaigns on the purchases you make from a supermarket grocery store or off licence at Christmas time  Percentage of Tells me a story about the brand  product   Not at all impactful,9%,10%,8%,7%,11%,9%,13%,4%,11%,8%,8%,13%,6%
How impactful or not are the following types of advertising campaigns on the purchases you make from a supermarket grocery store or off licence at Christmas time  Unique claims  brand attributes   Very impactful ,119,65,54,28,39,38,10,4,19,21,41,18,20
How impactful or not are the following types of advertising campaigns on the purchases you make from a supermarket grocery store or off licence at Christmas time  Percentage of Unique claims  brand attributes   Very impactful ,12%,13%,11%,10%,14%,14%,9%,8%,15%,9%,16%,9%,11%
How impactful or not are the following types of advertising campaigns on the purchases you make from a supermarket grocery store or off licence at Christmas time  Unique claims  brand attributes   Fairly Impactful,344,181,163,96,95,83,47,23,51,77,93,69,54
How impactful or not are the following types of advertising campaigns on the purchases you make from a supermarket grocery store or off licence at Christmas time  Percentage of Unique claims  brand attributes   Fairly Impactful,34%,37%,32%,34%,34%,30%,42%,43%,40%,34%,36%,33%,31%
How impactful or not are the following types of advertising campaigns on the purchases you make from a supermarket grocery store or off licence at Christmas time  Unique claims  brand attributes   Neither,338,148,190,103,84,99,34,18,33,83,75,78,69
How impactful or not are the following types of advertising campaigns on the purchases you make from a supermarket grocery store or off licence at Christmas time  Percentage of Unique claims  brand attributes   Neither,34%,30%,37%,37%,30%,35%,30%,34%,26%,37%,29%,37%,39%
How impactful or not are the following types of advertising campaigns on the purchases you make from a supermarket grocery store or off licence at Christmas time  Unique claims  brand attributes   Not very impactful,136,61,75,40,42,40,11,3,23,29,33,30,21
How impactful or not are the following types of advertising campaigns on the purchases you make from a supermarket grocery store or off licence at Christmas time  Percentage of Unique claims  brand attributes   Not very impactful,14%,12%,15%,14%,15%,14%,10%,6%,18%,13%,13%,14%,12%
How impactful or not are the following types of advertising campaigns on the purchases you make from a supermarket grocery store or off licence at Christmas time  Unique claims  brand attributes   Not at all impactful,65,35,30,14,16,19,11,5,3,15,19,16,12
How impactful or not are the following types of advertising campaigns on the purchases you make from a supermarket grocery store or off licence at Christmas time  Percentage of Unique claims  brand attributes   Not at all impactful,6%,7%,6%,5%,6%,7%,10%,9%,2%,7%,7%,8%,7%
How impactful or not are the following types of advertising campaigns on the purchases you make from a supermarket grocery store or off licence at Christmas time  Value deals  offers eg 2 for 1 offers   Very impactful ,470,199,271,131,121,140,53,25,60,110,125,92,83
How impactful or not are the following types of advertising campaigns on the purchases you make from a supermarket grocery store or off licence at Christmas time  Percentage of Value deals  offers eg 2 for 1 offers   Very impactful ,47%,41%,53%,47%,44%,50%,47%,47%,47%,49%,48%,44%,47%
How impactful or not are the following types of advertising campaigns on the purchases you make from a supermarket grocery store or off licence at Christmas time  Value deals  offers eg 2 for 1 offers   Fairly Impactful,415,222,193,117,118,110,48,22,55,95,107,91,67
How impactful or not are the following types of advertising campaigns on the purchases you make from a supermarket grocery store or off licence at Christmas time  Percentage of Value deals  offers eg 2 for 1 offers   Fairly Impactful,41%,45%,38%,42%,43%,39%,42%,42%,43%,42%,41%,43%,38%
How impactful or not are the following types of advertising campaigns on the purchases you make from a supermarket grocery store or off licence at Christmas time  Value deals  offers eg 2 for 1 offers   Neither,84,51,33,24,27,21,6,6,11,16,25,19,13
How impactful or not are the following types of advertising campaigns on the purchases you make from a supermarket grocery store or off licence at Christmas time  Percentage of Value deals  offers eg 2 for 1 offers   Neither,8%,10%,6%,9%,10%,8%,5%,11%,9%,7%,10%,9%,7%
How impactful or not are the following types of advertising campaigns on the purchases you make from a supermarket grocery store or off licence at Christmas time  Value deals  offers eg 2 for 1 offers   Not very impactful,27,16,11,9,9,6,3,0,3,4,4,7,9
How impactful or not are the following types of advertising campaigns on the purchases you make from a supermarket grocery store or off licence at Christmas time  Percentage of Value deals  offers eg 2 for 1 offers   Not very impactful,3%,3%,2%,3%,3%,2%,3%,0%,2%,2%,2%,3%,5%
How impactful or not are the following types of advertising campaigns on the purchases you make from a supermarket grocery store or off licence at Christmas time  Value deals  offers eg 2 for 1 offers   Not at all impactful,6,2,4,0,1,2,3,0,0,0,0,2,4
How impactful or not are the following types of advertising campaigns on the purchases you make from a supermarket grocery store or off licence at Christmas time  Percentage of Value deals  offers eg 2 for 1 offers   Not at all impactful,1%,0%,1%,0%,0%,1%,3%,0%,0%,0%,0%,1%,2%
Top 3 favourite Brands to buy in a supermarket grocery store or off licence at Christmas time  Total,1002,490,512,281,276,279,113,53,129,225,261,211,176
Top 3 favourite Brands to buy in a supermarket grocery store or off licence at Christmas time  Percentage of Total,100%,49%,51%,28%,28%,28%,11%,5%,13%,22%,26%,21%,18%
Top 3 favourite Brands to buy in a supermarket grocery store or off licence at Christmas time  Dennys,12,9,3,4,3,4,0,1,1,2,1,5,3
Top 3 favourite Brands to buy in a supermarket grocery store or off licence at Christmas time  Percentage of Dennys,1%,0.0183673469387755,0.005859375,0.0142348754448399,0.0108695652173913,0.014336917562724,0,0.0188679245283019,0.00775193798449612,0.00888888888888889,0.00383141762452107,0.023696682464455,0.0170454545454545
Top 3 favourite Brands to buy in a supermarket grocery store or off licence at Christmas time  Jameson,105,75,30,28,30,32,8,7,8,24,38,15,20
Top 3 favourite Brands to buy in a supermarket grocery store or off licence at Christmas time  Percentage of Jameson,7%,0.153061224489796,0.05859375,0.099644128113879,0.108695652173913,0.114695340501792,0.0707964601769911,0.132075471698113,0.062015503875969,0.106666666666667,0.145593869731801,0.0710900473933649,0.113636363636364
Top 3 favourite Brands to buy in a supermarket grocery store or off licence at Christmas time  MS,24,5,19,15,8,0,1,0,5,4,4,6,5
Top 3 favourite Brands to buy in a supermarket grocery store or off licence at Christmas time  Percentage of MS,2%,0.0102040816326531,0.037109375,0.0533807829181495,0.0289855072463768,0,0.00884955752212389,0,0.0387596899224806,0.0177777777777778,0.0153256704980843,0.028436018957346,0.0284090909090909
Top 3 favourite Brands to buy in a supermarket grocery store or off licence at Christmas time  Baileys,306,117,189,93,86,84,32,11,33,66,72,74,61
Top 3 favourite Brands to buy in a supermarket grocery store or off licence at Christmas time  Percentage of Baileys,20%,0.238775510204082,0.369140625,0.330960854092527,0.311594202898551,0.301075268817204,0.283185840707965,0.207547169811321,0.255813953488372,0.293333333333333,0.275862068965517,0.350710900473934,0.346590909090909
Top 3 favourite Brands to buy in a supermarket grocery store or off licence at Christmas time  Coca Cola,57,30,27,14,15,20,5,3,11,8,21,13,4
Top 3 favourite Brands to buy in a supermarket grocery store or off licence at Christmas time  Percentage of Coca Cola,4%,0.0612244897959184,0.052734375,0.0498220640569395,0.0543478260869565,0.0716845878136201,0.0442477876106195,0.0566037735849057,0.0852713178294574,0.0355555555555556,0.0804597701149425,0.0616113744075829,0.0227272727272727
Top 3 favourite Brands to buy in a supermarket grocery store or off licence at Christmas time  Smirnoff,53,19,34,11,17,17,7,1,12,9,13,12,7
Top 3 favourite Brands to buy in a supermarket grocery store or off licence at Christmas time  Percentage of Smirnoff,3%,0.0387755102040816,0.06640625,0.0391459074733096,0.0615942028985507,0.0609318996415771,0.0619469026548673,0.0188679245283019,0.0930232558139535,0.04,0.0498084291187739,0.0568720379146919,0.0397727272727273
Top 3 favourite Brands to buy in a supermarket grocery store or off licence at Christmas time  Tesco,44,23,21,17,7,10,7,3,10,18,8,3,5
Top 3 favourite Brands to buy in a supermarket grocery store or off licence at Christmas time  Percentage of Tesco,3%,0.0469387755102041,0.041015625,0.0604982206405694,0.0253623188405797,0.03584229390681,0.0619469026548673,0.0566037735849057,0.0775193798449612,0.08,0.0306513409961686,0.014218009478673,0.0284090909090909
Top 3 favourite Brands to buy in a supermarket grocery store or off licence at Christmas time  Tayto,93,36,57,24,19,41,8,1,7,17,37,21,11
Top 3 favourite Brands to buy in a supermarket grocery store or off licence at Christmas time  Percentage of Tayto,6%,0.073469387755102,0.111328125,0.0854092526690391,0.0688405797101449,0.146953405017921,0.0707964601769911,0.0188679245283019,0.0542635658914729,0.0755555555555556,0.14176245210728,0.0995260663507109,0.0625
Top 3 favourite Brands to buy in a supermarket grocery store or off licence at Christmas time  Percentage of Percentage of Tayto,27,15,12,9,9,3,4,2,7,3,8,6,3
Top 3 favourite Brands to buy in a supermarket grocery store or off licence at Christmas time  Percentage of Percentage of Percentage of Tayto,2%,0.0306122448979592,0.0234375,0.0320284697508897,0.0326086956521739,0.010752688172043,0.0353982300884956,0.0377358490566038,0.0542635658914729,0.0133333333333333,0.0306513409961686,0.028436018957346,0.0170454545454545
Top 3 favourite Brands to buy in a supermarket grocery store or off licence at Christmas time  Dunnes Stores,28,14,14,13,6,5,2,2,5,12,6,2,3
Top 3 favourite Brands to buy in a supermarket grocery store or off licence at Christmas time  Percentage of Dunnes Stores,2%,0.0285714285714286,0.02734375,0.0462633451957295,0.0217391304347826,0.017921146953405,0.0176991150442478,0.0377358490566038,0.0387596899224806,0.0533333333333333,0.0229885057471264,0.00947867298578199,0.0170454545454545
Top 3 favourite Brands to buy in a supermarket grocery store or off licence at Christmas time  Cadburys,267,90,177,72,68,87,19,21,33,64,60,68,42
Top 3 favourite Brands to buy in a supermarket grocery store or off licence at Christmas time  Percentage of Cadburys,17%,0.183673469387755,0.345703125,0.256227758007117,0.246376811594203,0.311827956989247,0.168141592920354,0.39622641509434,0.255813953488372,0.284444444444444,0.229885057471264,0.322274881516588,0.238636363636364
Top 3 favourite Brands to buy in a supermarket grocery store or off licence at Christmas time  Powers,11,10,1,0,4,4,3,0,1,0,6,1,3
Top 3 favourite Brands to buy in a supermarket grocery store or off licence at Christmas time  Percentage of Powers,1%,0.0204081632653061,0.001953125,0,0.0144927536231884,0.014336917562724,0.0265486725663717,0,0.00775193798449612,0,0.0229885057471264,0.004739336492891,0.0170454545454545
Top 3 favourite Brands to buy in a supermarket grocery store or off licence at Christmas time  Lindt,53,13,40,10,15,16,8,4,5,17,13,12,6
Top 3 favourite Brands to buy in a supermarket grocery store or off licence at Christmas time  Percentage of Lindt,3%,0.026530612244898,0.078125,0.0355871886120996,0.0543478260869565,0.0573476702508961,0.0707964601769911,0.0754716981132075,0.0387596899224806,0.0755555555555556,0.0498084291187739,0.0568720379146919,0.0340909090909091
Top 3 favourite Brands to buy in a supermarket grocery store or off licence at Christmas time  Ballymaloe,18,6,12,3,7,6,1,1,1,3,6,4,4
Top 3 favourite Brands to buy in a supermarket grocery store or off licence at Christmas time  Percentage of Ballymaloe,1%,0.0122448979591837,0.0234375,0.0106761565836299,0.0253623188405797,0.021505376344086,0.00884955752212389,0.0188679245283019,0.00775193798449612,0.0133333333333333,0.0229885057471264,0.018957345971564,0.0227272727272727
Top 3 favourite Brands to buy in a supermarket grocery store or off licence at Christmas time  Heineken,63,51,12,19,18,17,4,5,9,12,20,10,12
Top 3 favourite Brands to buy in a supermarket grocery store or off licence at Christmas time  Percentage of Heineken,4%,0.104081632653061,0.0234375,0.0676156583629893,0.0652173913043478,0.0609318996415771,0.0353982300884956,0.0943396226415094,0.0697674418604651,0.0533333333333333,0.0766283524904215,0.0473933649289099,0.0681818181818182
Top 3 favourite Brands to buy in a supermarket grocery store or off licence at Christmas time  Other Brands,106,56,50,28,28,27,17,6,12,18,24,22,30
Top 3 favourite Brands to buy in a supermarket grocery store or off licence at Christmas time  Percentage of Other Brands,7%,0.114285714285714,0.09765625,0.099644128113879,0.101449275362319,0.0967741935483871,0.150442477876106,0.113207547169811,0.0930232558139535,0.08,0.0919540229885057,0.104265402843602,0.170454545454545
Top 3 favourite Brands to buy in a supermarket grocery store or off licence at Christmas time  Roses,56,19,37,11,20,10,11,4,3,12,13,17,11
Top 3 favourite Brands to buy in a supermarket grocery store or off licence at Christmas time  Percentage of Roses,4%,0.0387755102040816,0.072265625,0.0391459074733096,0.072463768115942,0.03584229390681,0.0973451327433628,0.0754716981132075,0.0232558139534884,0.0533333333333333,0.0498084291187739,0.0805687203791469,0.0625
Top 3 favourite Brands to buy in a supermarket grocery store or off licence at Christmas time  Absolut,16,12,4,1,6,5,3,1,5,1,6,2,2
Top 3 favourite Brands to buy in a supermarket grocery store or off licence at Christmas time  Percentage of Absolut,1%,0.0244897959183673,0.0078125,0.00355871886120996,0.0217391304347826,0.017921146953405,0.0265486725663717,0.0188679245283019,0.0387596899224806,0.00444444444444444,0.0229885057471264,0.00947867298578199,0.0113636363636364
Top 3 favourite Brands to buy in a supermarket grocery store or off licence at Christmas time  Guinness,117,88,29,39,26,39,11,2,10,31,34,22,20
Top 3 favourite Brands to buy in a supermarket grocery store or off licence at Christmas time  Percentage of Guinness,8%,0.179591836734694,0.056640625,0.138790035587189,0.0942028985507246,0.139784946236559,0.0973451327433628,0.0377358490566038,0.0775193798449612,0.137777777777778,0.130268199233716,0.104265402843602,0.113636363636364
Top 3 favourite Brands to buy in a supermarket grocery store or off licence at Christmas time  Quality Street,38,17,21,7,16,6,7,2,2,4,14,11,7
Top 3 favourite Brands to buy in a supermarket grocery store or off licence at Christmas time  Percentage of Quality Street,2%,0.0346938775510204,0.041015625,0.0249110320284698,0.0579710144927536,0.021505376344086,0.0619469026548673,0.0377358490566038,0.0155038759689922,0.0177777777777778,0.053639846743295,0.0521327014218009,0.0397727272727273
Top 3 favourite Brands to buy in a supermarket grocery store or off licence at Christmas time  No Group,66,0,0,0,0,0,0,0,0,0,0,0,0
Top 3 favourite Brands to buy in a supermarket grocery store or off licence at Christmas time  Percentage of No Group,4%,0,0,0,0,0,0,0,0,0,0,0,0
Which of the following types of media is most likely to get your attention when looking for brands to purchase at Christmas time  Total,1002,490,512,281,276,279,113,53,129,225,261,211,176
Which of the following types of media is most likely to get your attention when looking for brands to purchase at Christmas time  Percentage of Total,100%,49%,51%,28%,28%,28%,11%,5%,13%,22%,26%,21%,18%
Which of the following types of media is most likely to get your attention when looking for brands to purchase at Christmas time  TV,268,141,127,64,76,80,34,14,19,39,71,64,75
Which of the following types of media is most likely to get your attention when looking for brands to purchase at Christmas time  Percentage of TV,27%,0.287755102040816,0.248046875,0.227758007117438,0.27536231884058,0.28673835125448,0.300884955752212,0.264150943396226,0.147286821705426,0.173333333333333,0.272030651340996,0.303317535545024,0.426136363636364
Which of the following types of media is most likely to get your attention when looking for brands to purchase at Christmas time  Radio,63,39,24,22,10,20,11,0,1,13,15,15,19
Which of the following types of media is most likely to get your attention when looking for brands to purchase at Christmas time  Percentage of Radio,6%,0.0795918367346939,0.046875,0.0782918149466192,0.036231884057971,0.0716845878136201,0.0973451327433628,0,0.00775193798449612,0.0577777777777778,0.0574712643678161,0.0710900473933649,0.107954545454545
Which of the following types of media is most likely to get your attention when looking for brands to purchase at Christmas time  Print media eg newspapers magazines flyers,49,26,23,13,17,12,4,3,10,6,11,11,11
Which of the following types of media is most likely to get your attention when looking for brands to purchase at Christmas time  Percentage of Print media eg newspapers magazines flyers,5%,0.0530612244897959,0.044921875,0.0462633451957295,0.0615942028985507,0.043010752688172,0.0353982300884956,0.0566037735849057,0.0775193798449612,0.0266666666666667,0.0421455938697318,0.0521327014218009,0.0625
Which of the following types of media is most likely to get your attention when looking for brands to purchase at Christmas time  Out of Home eg billboards posters,45,32,13,19,13,9,3,1,9,10,10,10,6
Which of the following types of media is most likely to get your attention when looking for brands to purchase at Christmas time  Percentage of Out of Home eg billboards posters,4%,0.0653061224489796,0.025390625,0.0676156583629893,0.0471014492753623,0.032258064516129,0.0265486725663717,0.0188679245283019,0.0697674418604651,0.0444444444444444,0.0383141762452107,0.0473933649289099,0.0340909090909091
Which of the following types of media is most likely to get your attention when looking for brands to purchase at Christmas time  Tiktok,62,26,36,16,13,20,7,6,21,19,11,6,5
Which of the following types of media is most likely to get your attention when looking for brands to purchase at Christmas time  Percentage of Tiktok,6%,0.0530612244897959,0.0703125,0.0569395017793594,0.0471014492753623,0.0716845878136201,0.0619469026548673,0.113207547169811,0.162790697674419,0.0844444444444444,0.0421455938697318,0.028436018957346,0.0284090909090909
Which of the following types of media is most likely to get your attention when looking for brands to purchase at Christmas time  Twitter,18,15,3,5,4,5,3,1,2,2,7,2,5
Which of the following types of media is most likely to get your attention when looking for brands to purchase at Christmas time  Percentage of Twitter,2%,0.0306122448979592,0.005859375,0.0177935943060498,0.0144927536231884,0.017921146953405,0.0265486725663717,0.0188679245283019,0.0155038759689922,0.00888888888888889,0.0268199233716475,0.00947867298578199,0.0284090909090909
Which of the following types of media is most likely to get your attention when looking for brands to purchase at Christmas time  Facebook,106,47,59,26,29,29,17,5,5,24,29,31,17
Which of the following types of media is most likely to get your attention when looking for brands to purchase at Christmas time  Percentage of Facebook,11%,0.0959183673469388,0.115234375,0.0925266903914591,0.105072463768116,0.103942652329749,0.150442477876106,0.0943396226415094,0.0387596899224806,0.106666666666667,0.111111111111111,0.146919431279621,0.0965909090909091
Which of the following types of media is most likely to get your attention when looking for brands to purchase at Christmas time  Instagram,188,69,119,51,54,54,19,10,32,61,52,30,13
Which of the following types of media is most likely to get your attention when looking for brands to purchase at Christmas time  Percentage of Instagram,19%,0.140816326530612,0.232421875,0.181494661921708,0.195652173913043,0.193548387096774,0.168141592920354,0.188679245283019,0.248062015503876,0.271111111111111,0.199233716475096,0.14218009478673,0.0738636363636364
Which of the following types of media is most likely to get your attention when looking for brands to purchase at Christmas time  General Online advertising,146,64,82,49,40,37,10,10,21,40,36,33,16
Which of the following types of media is most likely to get your attention when looking for brands to purchase at Christmas time  Percentage of General Online advertising,15%,0.130612244897959,0.16015625,0.174377224199288,0.144927536231884,0.132616487455197,0.0884955752212389,0.188679245283019,0.162790697674419,0.177777777777778,0.137931034482759,0.156398104265403,0.0909090909090909
Which of the following types of media is most likely to get your attention when looking for brands to purchase at Christmas time  Email ,46,23,23,13,17,9,4,3,8,7,15,8,8
Which of the following types of media is most likely to get your attention when looking for brands to purchase at Christmas time  Percentage of Email ,5%,0.0469387755102041,0.044921875,0.0462633451957295,0.0615942028985507,0.032258064516129,0.0353982300884956,0.0566037735849057,0.062015503875969,0.0311111111111111,0.0574712643678161,0.037914691943128,0.0454545454545455
Which of the following types of media is most likely to get your attention when looking for brands to purchase at Christmas time  Other,11,8,3,3,3,4,1,0,1,4,4,1,1
Which of the following types of media is most likely to get your attention when looking for brands to purchase at Christmas time  Percentage of Other,1%,0.0163265306122449,0.005859375,0.0106761565836299,0.0108695652173913,0.014336917562724,0.00884955752212389,0,0.00775193798449612,0.0177777777777778,0.0153256704980843,0.004739336492891,0.00568181818181818
And what other types of media are likely to get your attention when looking for brands at Christmas time Please select all that apply   Total,1002,490,512,281,276,279,113,53,129,225,261,211,176
And what other types of media are likely to get your attention when looking for brands at Christmas time Please select all that apply   Percentage of Total,100%,49%,51%,28%,28%,28%,11%,5%,13%,22%,26%,21%,18%
And what other types of media are likely to get your attention when looking for brands at Christmas time Please select all that apply   TV,474,217,257,139,119,143,50,23,48,88,125,119,94
And what other types of media are likely to get your attention when looking for brands at Christmas time Please select all that apply   Percentage of TV,47%,0.442857142857143,0.501953125,0.494661921708185,0.431159420289855,0.512544802867383,0.442477876106195,0.433962264150943,0.372093023255814,0.391111111111111,0.478927203065134,0.563981042654028,0.534090909090909
And what other types of media are likely to get your attention when looking for brands at Christmas time Please select all that apply   Radio,304,167,137,75,76,94,42,17,23,46,82,87,66
And what other types of media are likely to get your attention when looking for brands at Christmas time Please select all that apply   Percentage of Radio,30%,0.340816326530612,0.267578125,0.266903914590747,0.27536231884058,0.336917562724014,0.371681415929204,0.320754716981132,0.178294573643411,0.204444444444444,0.314176245210728,0.412322274881517,0.375
And what other types of media are likely to get your attention when looking for brands at Christmas time Please select all that apply   Print media eg newspapers magazines flyers,214,103,111,60,58,69,21,6,18,46,49,48,53
And what other types of media are likely to get your attention when looking for brands at Christmas time Please select all that apply   Percentage of Print media eg newspapers magazines flyers,21%,0.210204081632653,0.216796875,0.213523131672598,0.210144927536232,0.247311827956989,0.185840707964602,0.113207547169811,0.13953488372093,0.204444444444444,0.187739463601533,0.227488151658768,0.301136363636364
And what other types of media are likely to get your attention when looking for brands at Christmas time Please select all that apply   Out of Home eg billboards posters,216,112,104,78,48,57,22,11,23,52,52,46,43
And what other types of media are likely to get your attention when looking for brands at Christmas time Please select all that apply   Percentage of Out of Home eg billboards posters,22%,0.228571428571429,0.203125,0.277580071174377,0.173913043478261,0.204301075268817,0.194690265486726,0.207547169811321,0.178294573643411,0.231111111111111,0.199233716475096,0.218009478672986,0.244318181818182
And what other types of media are likely to get your attention when looking for brands at Christmas time Please select all that apply   Tiktok,209,97,112,57,51,64,25,12,51,59,45,36,18
And what other types of media are likely to get your attention when looking for brands at Christmas time Please select all that apply   Percentage of Tiktok,21%,0.197959183673469,0.21875,0.202846975088968,0.184782608695652,0.229390681003584,0.221238938053097,0.226415094339623,0.395348837209302,0.262222222222222,0.172413793103448,0.170616113744076,0.102272727272727
And what other types of media are likely to get your attention when looking for brands at Christmas time Please select all that apply   Twitter,106,77,29,25,27,30,16,8,14,37,25,21,9
And what other types of media are likely to get your attention when looking for brands at Christmas time Please select all that apply   Percentage of Twitter,11%,0.157142857142857,0.056640625,0.0889679715302491,0.0978260869565217,0.10752688172043,0.141592920353982,0.150943396226415,0.108527131782946,0.164444444444444,0.0957854406130268,0.0995260663507109,0.0511363636363636
And what other types of media are likely to get your attention when looking for brands at Christmas time Please select all that apply   Facebook,308,138,170,66,96,90,38,18,19,73,87,76,53
And what other types of media are likely to get your attention when looking for brands at Christmas time Please select all that apply   Percentage of Facebook,31%,0.281632653061224,0.33203125,0.234875444839858,0.347826086956522,0.32258064516129,0.336283185840708,0.339622641509434,0.147286821705426,0.324444444444444,0.333333333333333,0.360189573459716,0.301136363636364
And what other types of media are likely to get your attention when looking for brands at Christmas time Please select all that apply   Instagram,358,143,215,110,92,92,42,22,57,99,101,61,40
And what other types of media are likely to get your attention when looking for brands at Christmas time Please select all that apply   Percentage of Instagram,36%,0.291836734693878,0.419921875,0.391459074733096,0.333333333333333,0.329749103942652,0.371681415929204,0.415094339622642,0.441860465116279,0.44,0.386973180076628,0.289099526066351,0.227272727272727
And what other types of media are likely to get your attention when looking for brands at Christmas time Please select all that apply   General Online advertising,317,148,169,96,81,95,27,18,39,80,84,69,45
And what other types of media are likely to get your attention when looking for brands at Christmas time Please select all that apply   Percentage of General Online advertising,32%,0.302040816326531,0.330078125,0.341637010676157,0.293478260869565,0.340501792114695,0.238938053097345,0.339622641509434,0.302325581395349,0.355555555555556,0.32183908045977,0.327014218009479,0.255681818181818
And what other types of media are likely to get your attention when looking for brands at Christmas time Please select all that apply   Email ,186,80,106,57,50,43,28,8,15,36,58,38,39
And what other types of media are likely to get your attention when looking for brands at Christmas time Please select all that apply   Percentage of Email ,19%,0.163265306122449,0.20703125,0.202846975088968,0.181159420289855,0.154121863799283,0.247787610619469,0.150943396226415,0.116279069767442,0.16,0.222222222222222,0.180094786729858,0.221590909090909
And what other types of media are likely to get your attention when looking for brands at Christmas time Please select all that apply   Other,10,7,3,4,3,1,1,1,1,3,5,0,1
And what other types of media are likely to get your attention when looking for brands at Christmas time Please select all that apply   Percentage of Other,1%,0.0142857142857143,0.005859375,0.0142348754448399,0.0108695652173913,0.003584229390681,0.00884955752212389,0.0188679245283019,0.00775193798449612,0.0133333333333333,0.0191570881226054,0,0.00568181818181818
